-- phpMyAdmin SQL Dump
-- version 4.6.4
-- https://www.phpmyadmin.net/
--
-- Host: 127.0.0.1
-- Generation Time: Feb 07, 2018 at 05:30 PM
-- Server version: 5.7.14
-- PHP Version: 5.6.25

SET SQL_MODE = "NO_AUTO_VALUE_ON_ZERO";
SET time_zone = "+00:00";


/*!40101 SET @OLD_CHARACTER_SET_CLIENT=@@CHARACTER_SET_CLIENT */;
/*!40101 SET @OLD_CHARACTER_SET_RESULTS=@@CHARACTER_SET_RESULTS */;
/*!40101 SET @OLD_COLLATION_CONNECTION=@@COLLATION_CONNECTION */;
/*!40101 SET NAMES utf8mb4 */;

--
-- Database: `maryam`
--

-- --------------------------------------------------------

--
-- Table structure for table `categories`
--

CREATE TABLE `categories` (
  `id` int(10) NOT NULL,
  `title` varchar(40) COLLATE utf8_persian_ci NOT NULL,
  `create_date` timestamp NOT NULL DEFAULT CURRENT_TIMESTAMP
) ENGINE=InnoDB DEFAULT CHARSET=utf8 COLLATE=utf8_persian_ci;

--
-- Dumping data for table `categories`
--

INSERT INTO `categories` (`id`, `title`, `create_date`) VALUES
(1, 'عاشقانه', '2018-02-05 05:04:39'),
(2, 'علمی', '2018-02-05 05:04:39'),
(3, 'تخیلی', '2018-02-05 05:04:39'),
(4, 'جنگی', '2018-02-05 05:04:39'),
(5, 'تاریخی', '2018-02-05 05:04:39'),
(6, 'فانتزی', '2018-02-05 05:04:39'),
(7, 'ترسناک', '2018-02-05 05:04:39'),
(9, 'زندگینامه', '2018-02-05 05:04:39'),
(10, 'ورزشی', '2018-02-05 05:04:39');

-- --------------------------------------------------------

--
-- Table structure for table `comments`
--

CREATE TABLE `comments` (
  `id` int(10) NOT NULL,
  `user_id` int(20) NOT NULL,
  `film_id` int(20) NOT NULL,
  `text` text COLLATE utf8_persian_ci NOT NULL,
  `send_time` timestamp NOT NULL DEFAULT CURRENT_TIMESTAMP
) ENGINE=InnoDB DEFAULT CHARSET=utf8 COLLATE=utf8_persian_ci;

--
-- Dumping data for table `comments`
--

INSERT INTO `comments` (`id`, `user_id`, `film_id`, `text`, `send_time`) VALUES
(1, 1, 3, 'من از اینا خیلی دوست دارم :)', '2017-09-03 15:14:23'),
(2, 1, 3, 'می پسندم ', '2017-12-11 07:54:17'),
(3, 1, 5, ' :))))', '2017-12-17 06:01:42'),
(4, 1, 5, 'like', '2017-12-17 06:01:57'),
(5, 2, 12, 'میپسندم\r\n', '2018-01-28 03:38:46'),
(6, 3, 12, 'بسیار خوب', '2018-01-28 03:40:18'),
(7, 4, 12, 'like!!!\r\n', '2018-01-28 03:42:04'),
(8, 5, 12, 'like !!!!', '2018-01-28 03:46:59'),
(9, 5, 12, 'like !!!!', '2018-01-28 04:49:21'),
(10, 6, 12, 'good', '2018-01-29 07:13:04'),
(11, 7, 11, 'زیبا\r\n', '2018-01-29 07:15:34'),
(12, 7, 8, 'عااالی', '2018-01-29 07:16:08'),
(13, 4, 10, 'like', '2018-01-29 07:17:09'),
(14, 8, 55, 'خوووب\r\n', '2018-02-04 22:41:56'),
(15, 13, 60, 'زیبا بود..', '2018-02-04 23:27:33'),
(16, 9, 92, 'خوب است', '2018-02-05 09:38:51');

-- --------------------------------------------------------

--
-- Table structure for table `films`
--

CREATE TABLE `films` (
  `id` int(10) NOT NULL,
  `name` varchar(30) COLLATE utf8_persian_ci NOT NULL,
  `year` int(10) NOT NULL,
  `category_id` int(10) NOT NULL,
  `director` varchar(60) COLLATE utf8_persian_ci NOT NULL,
  `story` text COLLATE utf8_persian_ci NOT NULL,
  `actors` text COLLATE utf8_persian_ci NOT NULL,
  `create_date` timestamp NOT NULL DEFAULT CURRENT_TIMESTAMP,
  `country` varchar(30) COLLATE utf8_persian_ci NOT NULL
) ENGINE=InnoDB DEFAULT CHARSET=utf8 COLLATE=utf8_persian_ci;

--
-- Dumping data for table `films`
--

INSERT INTO `films` (`id`, `name`, `year`, `category_id`, `director`, `story`, `actors`, `create_date`, `country`) VALUES
(1, 'LEGO NINJAGO', 2014, 4, 'paull wisli', 'فیلم جنگی ', 'dani, victoriya', '2017-12-29 11:05:19', 'امریکا'),
(2, 'VICTORIA & ABDUL', 2018, 9, 'کریستوفر نولان', 'فیلم فیلم فیلم فیلم فیلم فیلم فیلم فیلم فیلم فیلم فیلم فیلم فیلم فیلم فیلم فیلم ', ' Roy Scheider , Lorraine Gary , Murray Hamilton', '2017-12-29 11:05:19', 'امریکا'),
(3, 'THE PIRATES', 2016, 6, 'اصغر فرهادی', 'لورم ایپسوم متن ساختگی با تولید سادگی نامفهوم از صنعت چاپ و با استفاده از طراحان گرافیک است. چاپگرها و متون بلکه روزنامه و مجله در ستون و سطرآنچنان که لازم است و برای شرایط فعلی تکنولوژی مورد نیاز و کاربردهای متنوع با هدف بهبود ابزارهای کاربردی می باشد. کتابهای زیادی در شصت و سه درصد گذشته، حال و آینده شناخت فراوان جامعه و متخصصان را می طلبد تا با نرم افزارها شناخت بیشتری را برای طراحان رایانه ای علی الخصوص طراحان خلاقی و فرهنگ پیشرو در زبان فارسی ایجاد کرد. در این صورت می توان امید داشت که تمام و دشواری موجود در ارائه راهکارها و شرایط سخت تایپ به پایان رسد وزمان مورد نیاز شامل حروفچینی دستاوردهای اصلی و جوابگوی سوالات پیوسته اهل دنیای موجود طراحی اساسا مورد استفاده قرار گیرد.', ' Roy Scheider , Lorraine Gary , Murray Hamilton', '2017-12-29 11:05:19', 'ایران'),
(4, 'COCO', 2015, 6, 'رامبد جوان', 'لورم ایپسوم متن ساختگی با تولید سادگی نامفهوم از صنعت چاپ و با استفاده از طراحان گرافیک است. چاپگرها و متون بلکه روزنامه و مجله در ستون و سطرآنچنان که لازم است و برای شرایط فعلی تکنولوژی مورد نیاز و کاربردهای متنوع با هدف بهبود ابزارهای کاربردی می باشد. کتابهای زیادی در شصت و سه درصد گذشته، حال و آینده شناخت فراوان جامعه و متخصصان را می طلبد تا با نرم افزارها شناخت بیشتری را برای طراحان رایانه ای علی الخصوص طراحان خلاقی و فرهنگ پیشرو در زبان فارسی ایجاد کرد. در این صورت می توان امید داشت که تمام و دشواری موجود در ارائه راهکارها و شرایط سخت تایپ به پایان رسد وزمان مورد نیاز شامل حروفچینی دستاوردهای اصلی و جوابگوی سوالات پیوسته اهل دنیای موجود طراحی اساسا مورد استفاده قرار گیرد.', ' Roy Scheider , Lorraine Gary , Murray Hamilton', '2017-12-29 11:05:19', 'ایران'),
(5, 'KINGSMAN', 2015, 1, 'کریستوفر نولان', 'لورم ایپسوم متن ساختگی با تولید سادگی نامفهوم از صنعت چاپ و با استفاده از طراحان گرافیک است. چاپگرها و متون بلکه روزنامه و مجله در ستون و سطرآنچنان که لازم است و برای شرایط فعلی تکنولوژی مورد نیاز و کاربردهای متنوع با هدف بهبود ابزارهای کاربردی می باشد. کتابهای زیادی در شصت و سه درصد گذشته، حال و آینده شناخت فراوان جامعه و متخصصان را می طلبد تا با نرم افزارها شناخت بیشتری را برای طراحان رایانه ای علی الخصوص طراحان خلاقی و فرهنگ پیشرو در زبان فارسی ایجاد کرد. در این صورت می توان امید داشت که تمام و دشواری موجود در ارائه راهکارها و شرایط سخت تایپ به پایان رسد وزمان مورد نیاز شامل حروفچینی دستاوردهای اصلی و جوابگوی سوالات پیوسته اهل دنیای موجود طراحی اساسا مورد استفاده قرار گیرد.', ' Roy Scheider , Lorraine Gary , Murray Hamilton', '2017-12-29 11:05:19', 'انگلیس'),
(6, 'WOLF WARRIOR 2', 2013, 5, 'جیمز کامرون', 'لورم ایپسوم متن ساختگی با تولید سادگی نامفهوم از صنعت چاپ و با استفاده از طراحان گرافیک است. چاپگرها و متون بلکه روزنامه و مجله در ستون و سطرآنچنان که لازم است و برای شرایط فعلی تکنولوژی مورد نیاز و کاربردهای متنوع با هدف بهبود ابزارهای کاربردی می باشد. کتابهای زیادی در شصت و سه درصد گذشته، حال و آینده شناخت فراوان جامعه و متخصصان را می طلبد تا با نرم افزارها شناخت بیشتری را برای طراحان رایانه ای علی الخصوص طراحان خلاقی و فرهنگ پیشرو در زبان فارسی ایجاد کرد. در این صورت می توان امید داشت که تمام و دشواری موجود در ارائه راهکارها و شرایط سخت تایپ به پایان رسد وزمان مورد نیاز شامل حروفچینی دستاوردهای اصلی و جوابگوی سوالات پیوسته اهل دنیای موجود طراحی اساسا مورد استفاده قرار گیرد.', ' Roy Scheider , Lorraine Gary , Murray Hamilton', '2017-12-29 11:05:19', 'فرانسه'),
(7, 'hangman', 2011, 1, 'کوئنتین تارانتینو', 'لورم ایپسوم متن ساختگی با تولید سادگی نامفهوم از صنعت چاپ و با استفاده از طراحان گرافیک است. چاپگرها و متون بلکه روزنامه و مجله در ستون و سطرآنچنان که لازم است و برای شرایط فعلی تکنولوژی مورد نیاز و کاربردهای متنوع با هدف بهبود ابزارهای کاربردی می باشد. کتابهای زیادی در شصت و سه درصد گذشته، حال و آینده شناخت فراوان جامعه و متخصصان را می طلبد تا با نرم افزارها شناخت بیشتری را برای طراحان رایانه ای علی الخصوص طراحان خلاقی و فرهنگ پیشرو در زبان فارسی ایجاد کرد. در این صورت می توان امید داشت که تمام و دشواری موجود در ارائه راهکارها و شرایط سخت تایپ به پایان رسد وزمان مورد نیاز شامل حروفچینی دستاوردهای اصلی و جوابگوی سوالات پیوسته اهل دنیای موجود طراحی اساسا مورد استفاده قرار گیرد.', ' Roy Scheider , Lorraine Gary , Murray Hamilton', '2017-12-29 11:05:19', 'اسپانیا'),
(8, 'the hitman', 1998, 4, 'سیروس مقدم', 'لورم ایپسوم متن ساختگی با تولید سادگی نامفهوم از صنعت چاپ و با استفاده از طراحان گرافیک است. چاپگرها و متون بلکه روزنامه و مجله در ستون و سطرآنچنان که لازم است و برای شرایط فعلی تکنولوژی مورد نیاز و کاربردهای متنوع با هدف بهبود ابزارهای کاربردی می باشد. کتابهای زیادی در شصت و سه درصد گذشته، حال و آینده شناخت فراوان جامعه و متخصصان را می طلبد تا با نرم افزارها شناخت بیشتری را برای طراحان رایانه ای علی الخصوص طراحان خلاقی و فرهنگ پیشرو در زبان فارسی ایجاد کرد. در این صورت می توان امید داشت که تمام و دشواری موجود در ارائه راهکارها و شرایط سخت تایپ به پایان رسد وزمان مورد نیاز شامل حروفچینی دستاوردهای اصلی و جوابگوی سوالات پیوسته اهل دنیای موجود طراحی اساسا مورد استفاده قرار گیرد.', ' Roy Scheider , Lorraine Gary , Murray Hamilton', '2017-12-29 11:05:19', 'کره'),
(9, 'birth of the dragon', 2001, 2, 'کوئنتین تارانتینو', 'لورم ایپسوم متن ساختگی با تولید سادگی نامفهوم از صنعت چاپ و با استفاده از طراحان گرافیک است. چاپگرها و متون بلکه روزنامه و مجله در ستون و سطرآنچنان که لازم است و برای شرایط فعلی تکنولوژی مورد نیاز و کاربردهای متنوع با هدف بهبود ابزارهای کاربردی می باشد. کتابهای زیادی در شصت و سه درصد گذشته، حال و آینده شناخت فراوان جامعه و متخصصان را می طلبد تا با نرم افزارها شناخت بیشتری را برای طراحان رایانه ای علی الخصوص طراحان خلاقی و فرهنگ پیشرو در زبان فارسی ایجاد کرد. در این صورت می توان امید داشت که تمام و دشواری موجود در ارائه راهکارها و شرایط سخت تایپ به پایان رسد وزمان مورد نیاز شامل حروفچینی دستاوردهای اصلی و جوابگوی سوالات پیوسته اهل دنیای موجود طراحی اساسا مورد استفاده قرار گیرد.', ' Roy Scheider , Lorraine Gary , Murray Hamilton', '2017-12-29 11:05:19', 'انگلیس'),
(10, 'wind river', 2007, 3, 'مریم ناظران', 'لورم ایپسوم متن ساختگی با تولید سادگی نامفهوم از صنعت چاپ و با استفاده از طراحان گرافیک است. چاپگرها و متون بلکه روزنامه و مجله در ستون و سطرآنچنان که لازم است و برای شرایط فعلی تکنولوژی مورد نیاز و کاربردهای متنوع با هدف بهبود ابزارهای کاربردی می باشد. کتابهای زیادی در شصت و سه درصد گذشته، حال و آینده شناخت فراوان جامعه و متخصصان را می طلبد تا با نرم افزارها شناخت بیشتری را برای طراحان رایانه ای علی الخصوص طراحان خلاقی و فرهنگ پیشرو در زبان فارسی ایجاد کرد. در این صورت می توان امید داشت که تمام و دشواری موجود در ارائه راهکارها و شرایط سخت تایپ به پایان رسد وزمان مورد نیاز شامل حروفچینی دستاوردهای اصلی و جوابگوی سوالات پیوسته اهل دنیای موجود طراحی اساسا مورد استفاده قرار گیرد.', ' Roy Scheider , Lorraine Gary , Murray Hamilton', '2017-12-29 11:05:19', 'امریکا'),
(11, 'Toilet', 2004, 3, 'کریستوفر نولان', 'بسکو بسکو بسکو', 'حمید لولایی - الناز شاکردوست - علی صادقی', '2017-12-29 11:16:29', 'فرانسه'),
(12, '300', 2006, 5, 'زک اسنایدر', '۳۰۰ فیلمی فانتزی حماسی و جنگی آمریکایی است که در سال ۲۰۰۶ بر اساس مجموعه کمیکی به همین نام ساخته شده است. این سری کمیک در سال ۱۹۹۸ توسط فرانک میلر و لین ورلی خلق شد. فیلم داستان نبرد ترموپیل که بین سپاه هخامنشی و شهرهای یونان رخ داد را روایت می‌کند. کارگردانی فیلم را زک اسنایدر بر عهده داشت؛ در حالی که میلر به عنوان مشاور در فیلم نقش داشت.\r\n\r\nمحور اصلی داستان حول لئونیداس (جرارد باتلر) می‌چرخد که ۳۰۰ اسپارتی را در نبردی علیه خشایارشا (رودریگو سانتورو) و ارتش عظیم سیصد هزار نفری‌اش رهبری کرد. در زمانی که جنگ به اوج می‌رسد گورگو (لینا هیدی)، همسر لئونیداس به حمایت شوهرش در اسپارت می‌پردازد. داستان توسط یک سرباز اسپارتی به نام دیلیوس (دیوید ونهام) روایت می‌شود. در طول فیلم موجودات تخیلی مختلفی معرفی می‌شوند که ژانر فیلم را به سمت تاریخی تخیلی سوق می‌دهند.', 'جرارد باتلر - لینا هیدی - دیوید ونهام - دومینیک وست -\r\n رودریگو سانتورو - مایکل فاسبندر', '2017-12-29 11:21:07', 'اسپانیا'),
(33, 'For The Love Of Spock', 2016, 9, ' Adam Nimoy ', ' خالق این مستند کتاب های زیادی در مورد Star Terk خوانده بود و به این نتیجه رسید که چیزهای زیادی در مورد فضای این فیلم وجود دارد که تا به حال بازگو نشده است . به مناسبت پنجاهمین سالگرد سری Star Trek این فیلم زیبا ساخته شده است تا بار دیگر شما را به حال و هوای این سریال زیبا بازگرداند . یکی دیگر از نکاتی که باعث ساخت این مستند شد فوت نا به هنگام Leonard Nimoy اسطوره ی بازیگری هالیوود بود او که در بسیاری از فیلم ها به ایفای نقش پرداخته بود که می توان به سریال زیبای Fringe به عنوان یکی از آخرین کارهای او نام برد .', 'Leonard Nimoy ,Chris Pine , Zoe Saldana ', '2018-01-30 02:15:06', 'انگلیس'),
(34, 'Borg vs. McEnroe', 2016, 10, ' Janus Metz', 'این فیلم داستان رقابت دو تنیس‌باز برجسته‌ی سابق دنیای تنیس را روایت می‌کند و شیا لابوف نقش جان مک‌‌انرو را بر عهده دارد. همچنین سوریر گودناسون نیز نقش بیورن بورگ را در این فیلم بازی کرده است. این فیلم به داستان رقابت این دو تنیس‌باز افسانه‌ای پرداخته است و تمرکزش روی مسابقه حماسی ویمبلدون هست و…', 'Sverrir Gudnason,Shia LaBeouf,Stellan Skarsgård,Tuva Novotny', '2018-01-30 02:19:09', 'دانمارک'),
(35, 'England Is Mine ', 2017, 9, 'England Is Mine', 'روایتی از زندگی موریسی و دوران جوانی او در دهه 1970 در منچستر قبل از اینکه تبدیل به خواننده اصلی گروه اسمیتز شود.', ' Jessica Brown Findlay,Jack Lowden,Jodie Comer,Graeme ', '2018-01-30 02:22:05', 'انگلستان'),
(36, 'the intouchables', 2011, 9, 'Gilles Paquet-Brenner', 'داستان فیلم اقتباسی از یک داستان واقعی است. داستانِ نویسنده ی ثروتمندی به نام فیلیپ که در اثر سقوط با چتر معلول می شود و برای پرستاری از خود ، مردی سیاه‌پوست به نام دریس را استخدام می‌کند و…', ' François Cluzet, Omar Sy, Anne Le Ny, Audrey Fleurot', '2018-01-30 02:33:24', 'فرانسه'),
(38, 'Keep Watching', 2017, 7, 'Sean Carter', 'داستان این فیلم ترسناک  2017 در مورد خانواده ای می باشد که توسط گروهی از مهاجمان در خانه ی خود زندانی می شوند و مجبور می شوند برای آزادی، در یک بازی مرگ و زندگی شرکت کنند. بازی با قوانینی اسرار آمیز که با رفتن شب، این قوانین نیز آشکار می شوند و….', 'Bella Thorne, Chandler Riggs, Jared Abrahamson', '2018-01-30 02:47:54', 'انگلیس'),
(40, 'Unhinged', 2017, 7, 'Dan Allen', 'Unhinged یک فیلم ترسناک 2017 به کارگردانی و نویسندگی “دن الن” می باشد. داستان فیلم در مورد 4 دوست آمریکایی می باشد که تصمیم میگیرند طی یک سفر جاده ای به انگلستان بروند تا در عروسی حضور داشته باشند. اما طولی نمی کشد که این عروسی با وجود نیروهایی شیطـانی که از اعماق جنگل آن ها را دنبال می کنند و خانه ای خانم پرکینز در آن وجود دارد را پیدا می کنند…', 'Kate Lister, Lucy-Jane Quinlan, Becca Hirani', '2018-01-30 02:54:33', 'انگلیس'),
(41, 'anna', 2017, 7, 'Michael Crum  ', 'داستان فیلم در مورد 2 دزد می باشد که عروسکی را از موزه به سرقت می برند، چیزی که آن ها از آن بی خبرند این است که با این کار دروازه ای به جهنم بازکرده اند ….\r\n\r\n', ' Justin Duncan, Gerald Crum, Rebekah Lynn Bruflodt', '2018-01-30 02:57:08', 'انگلیس'),
(42, 'The Midnight Man', 2017, 7, 'Kamal Moo', 'داستان فیلم در مورد زوجی می باشد که از مشکلات زناشویی رنج می برند و برای حل مشکلاتشان تصمیم میگیرند آخر هفته را به کلبه ای کوهستانی بروند تا با دور شدن از همه چیز ، راهی برای حل مشکلات و ادامه زندگی مشترک پیدا کنند. اما چیزی که آن ها در انجا با آن روبرو می شوند، مشکلی بسیار بزرگتر و خطرناک است که به هیچ وجه آن را پیش بینی نمی کردند. مردی دیوانه قصد جان آن ها را کرده است بدون اینکه دلیلی داشته باشد ولی… برای', ' Ken Foree, Wendie Weldon, Tommy Day Carey', '2018-01-30 03:00:28', 'انگلیس'),
(43, 'The Rocket', 2018, 10, ' Richard Blak', ' موشک ، یک فیلم خانوادگی به کارگردانی و نویسندگی Richard Blake که در سال 2018 منتشر شده است. با سطح انتظارات بسیار بالای پدر او و همچنین مردم محلی ، یک ستاره ی فوتبالیست ناگهان می فهمد که راه موفقیت آینده اش به طور کل از بین رفته است و او می بایست راهی جدید برای رسیدن به موفقیت پیدا کند و … ', 'Brady Tutton, Richard Blake, Nickolaus Schnetzky', '2018-01-30 03:05:33', 'انگلیس'),
(44, 'Kenny', 2017, 10, 'Stewart Sugg', 'Kenny یک پرتره از زندگی فوتبالیست سابق “کنی دالگلیش” و چند روز بعد از فاجعه ورزشگاه هیسل ، او به عنوان مدیر باشگاه لیورپول انتخاب شد و شش سال بعد پس از فاجعه هیلزبورو ، از کار خود استعفا داد. در میان سال هایی که او مدیریت را برعهده داشت، یکی از بهترین تیم های آن روزهای دنیا را ساخت. این فیلم پشت صحنه ی زندگی صمیمی او را به تصویر می کشد و اینکه چطور او خانواده ی خود را فدای فوتبال کرد و … کنی متتیسون “کنی” دالگلیش (به انگلیسی: Kenneth Mathieson “Kenny” Dalglish) فوتبالیست و مربی سابق باشگاه لیورپول انگلستان است. ', ' Margaret Aspinall, John Barnes, Kelly Cates', '2018-01-30 03:07:39', 'انگلیس'),
(45, 'Champion', 2017, 10, 'Sarah Inabnit', 'در دنیای سریع مسابقات اتومبیل رانی ، یک اشتباه کوچک باعث می شود تا سرنوشت دو مرد برای همیشه تغییر کند. اولی می بایست برای خانواده اش مبارزه کند، دومی نیز باید تلاش کند تا بخشیده شود …', '   Robert Amaya, Cameron Arnett, Cliff Brannon', '2018-01-30 03:11:15', 'انگلیس'),
(50, 'King Charles III', 2017, 5, 'Mike Bartlett  ', 'عد از مرگ ملکه، تاج و تخت به شاهزاده چارلز می رسد. زمانی که او لایه ی بحث برانگیز قانونی را امضا نمی کند، هرج و مرجی سـیاسی رخ می دهد: یک بحران قانون اساسی و مردم در روبروی کاخ باکینگهام یک مخزن آب را زمین می زنند و …', ' Tim Pigott-Smith, Oliver Chris, Richard Goulding', '2018-01-30 03:24:46', 'انگلیس'),
(51, 'Dementia 13', 2017, 3, ' Dan DeFilippo, Justin Smith', 'داستان این فیلم ترسناک 2017 در مورد خانواده ای پولدار و با ریشه می باشد که هنوزم با مرگ دخترشان که چند سال پیش به قتل رسید، کنار نیامده اند. در شبی به خاطر مرگ دختر آن ها، یک قاتـل سریالی ، یک روح انتقام گیر همه در یک شب خانواده ی آن ها را هدف خود قرار می دهند. هر فرد این خانواده رازی با خود به همراه دارد و هیچ یک از آن ها نمیخواهند با عواقب کارهای خود روبرو شوند اما برای زنده ماندن دیر یا زود می بایست حقیقت برای همه آشکار شود و …', 'Julia Campanelli, Channing Pickett, Steve Polites ', '2018-01-30 03:29:13', 'امریکا'),
(53, 'The Beyond', 2018, 2, 'Hasraf Dulull  ', 'داستان فیلم در سال 2019 در جریان است، جایی که فضانوردان قصد دارند برای اولین بار با یک لباس رباتیک بسیار پیشرفته، به درون کرم چاله ای فضایی که به تازگی کشف شده و با نام Void نیز شناخته می شود، بروند . زمانی که این ماموریت به به طور غیر منتظره ای پیش میرود، همه ی فضانوردان و همه ی کسانی که در آزانس فضایی مشغول کار هستند، منتظر رسیدن خبر از درون کرم چاله هستند تا فرای آن را کشف کنند اما …', 'David Bailie, Jane Perry, Brian Deacn  ', '2018-01-30 03:34:18', 'انگلیس'),
(54, ' A Ghost Story', 2018, 1, ' David Lowery', 'فیلمی آمریکایی به نویسندگی و کارگردانی دیوید لاوری می‌باشد که در تابستان ۲۰۱۶ با بازی کیسی افلک و رونی مارا در دالاس فیلمبرداری شد. نخستین نمایش این فیلم در تاریخ ۲۲ ژانویه ۲۰۱۷ در جشنواره فیلم ساندنس با استقبال بسیار خوبی از سوی منتقدان همراه شد. این فیلم قرار است تابستان ۲۰۱۷ توسط شرکت A24 در ایالات متحده اکران شود. داستان فیلم دربارهٔ مردی به نام “سی” ست که بعد از کشته شدن در تصادف، روحش به خانه‌اش باز می‌گردد و در شکل شبح شاهد همسرش (به نام “ام”) می‌شود که سعی می‌کند به زندگی عادی‌اش برگردد.', 'Casey Affleck, Rooney Mara, McColm Cephas Jr.', '2018-01-30 03:37:02', 'امریکا'),
(55, 'beauty and the beats', 2017, 1, ' Evan Spiliotopoulos', 'فیلمی موزیکال و رمـانیک است که در ۱۷ مارس ۲۰۱۷ منتشر خواهد شد. در این فیلم دن استیونز و اما واتسون نقش های اصلی دیو و دلبر را خواهند داشت و از سایر بازیگران فیلم دیو و دلبر می توان به حضور لوک ایوانز، ایوان مک‌گرگور، ایان مک‌کلن، اما تامسون، کوین کلاین و … اشاره کرد.', ' Emma Watson, Dan Stevens, Luke Evans', '2018-01-30 03:39:44', 'انگلیس'),
(61, ' Last of the Enforcers', 2016, 10, ' Jay Baruchel', 'ک بازیکن هاکی که گرفتار مصدومیت های جدی است زمانی که توسط یک بازیکن جدید و سرسخت به چالش کشیده می شود، با اینکه میداند احتمال بازنشستگی اش وجود دارد، دوباره به صحنه رقابت بازمیگردد…', ' Elisha Cuthbert,T.J. Miller,Liev Schreiber,Wyatt Russell ', '2018-02-05 01:09:25', 'انگلیس'),
(81, 'The Farthest', 2017, 5, 'Emer Reynolds', 'این مستند در مورده “وویجر” می باشد یکی از بزرگترین دستاوردهای بشریت که با هدف مطالعه منظومه شمسی بیرونی به فضا پرتاب می شود و بیش از 12 میلیارد مایل با سیاره ما فاصله میگیرد.', 'Frank Drake,Carolyn Porco,John Casani,Lawrence Krauss ', '2018-02-05 05:19:21', 'ایرلند'),
(82, 'The Narrow World', 2017, 2, 'Brent Bonacorso', 'موجودی بیگانه وارد زمین میشود اما هویت آن مشخص نیست چرا که انسان نمیتواند با بازدیدکننده ارتباط برقرار کند و…', ': Julia Cavanaugh,Scott Bailey Gagain,Karim Saleh ', '2018-02-05 05:22:38', 'امریکا'),
(83, 'Life', 2017, 2, 'Daniel Espinosa', 'داستان فیلم درباره شش فضانورد از کشورهای مختلف جهان است که در یک ماموریت بین المللی فضایی قرار دارند و وظیفه شان خاکبرداری از مریخ و بررسی آن است. این فضانوردان پس از خاکبرداری از سطح سیاره سرخ، متوجه وجود گونه ای زنده در آن می شوند و…', 'Hiroyuki Sanada,Ryan Reynolds,Rebecca Ferguson,Jake Gyllenhaal ', '2018-02-05 05:34:37', 'امریکا'),
(85, 'The Wall', 2017, 4, 'Doug Liman', 'یک تک تیرانداز آمریکایی بهمراه هدف یابش درگیر موش و گربه بازی مرگباری با یک تک تیرانداز کُشنده عراقی می شوند…', 'Aaron Taylor-Johnson,John Cena,Laith Nakli ', '2018-02-05 05:52:56', 'امریکا'),
(87, 'Legion of Brothers', 2017, 4, 'Jason Amerine', 'پس از حملات 11 سپتامبر گروهی از نیروهای ویژه ارتش در آمریکا برای از بین بردن طالبان به افغانستان اعزام میشوند ، این مستند بیان کننده ی نتیجه این عملیات در طی 15 سال اخیر می باشد.', 'Jason Amerine,George W. Bush,Mark Nutsch', '2018-02-05 05:59:32', 'امریکا'),
(89, 'The Wizard of Lies', 2014, 9, 'Barry Levinson', 'این فیلم سرگذشت دلال سهام و مشاور سرمایه گذاری “برنی میداف” (رابرت دنیرو) است. این شخص توانست با استفاده از «ترفند پانزی» بزرگترین کلاهبرداری جهان را رقم بزند و 65 میلیارد دلار پول را از جیب سرمایه گذاران مختلف خالی کند.', 'Michelle Pfeiffer,Robert De Niro,Hank Azaria,Kristen Connolly', '2018-02-05 06:09:03', 'امریکا'),
(91, 'Passengers', 2016, 1, ' Morten Tyldum', 'فضاپیمایی که مقصدش یک سیاره مستعمره بسیار دور است و هزاران نفر مسافر دارد، دارای یک نقص فنی در قسمت اتاق خواب است. این نقص باعث می شود دو تن از مسافران 90 سال زودتر از زمان برنامه ریزی شده بیدار شوند…', 'Jennifer Lawrence, Chris Pratt, Michael Sheen, Laurence Fishburne ', '2018-02-05 06:43:05', 'امریکا'),
(92, 'Circus Kane', 2017, 7, ' Christopher Ray', 'یک صاحب سیرک گروهی از دوستان و ستارگان شبکه های اجتماعی را به منظور گرفتن جشن به خانه ی خود دعوت می کند. هر کس بتواند بدون ترسیدن مدت مشخصی را دوام بیاورد، 250 هزار دلار پول گیرش خواهد آمد. اما خطرات ممکن است واقعی تر از آن چیزی باشد که در ابتدا تصور می شد. ستارگان به زودی می فهمند که برای پول رقابت نمی کنند، بلکه برای زندگی خود نیز می بایست مبارزه کنند…', 'Jonathan Lipnicki,Tim Abell,Richard Moll,Mark Christopher Lawrence ', '2018-02-05 06:47:07', 'امریکا');

-- --------------------------------------------------------

--
-- Table structure for table `news`
--

CREATE TABLE `news` (
  `id` int(10) NOT NULL,
  `title` varchar(100) COLLATE utf8_persian_ci NOT NULL,
  `text` text COLLATE utf8_persian_ci NOT NULL,
  `avatar` varchar(50) COLLATE utf8_persian_ci DEFAULT NULL,
  `create_date` timestamp NOT NULL DEFAULT CURRENT_TIMESTAMP ON UPDATE CURRENT_TIMESTAMP
) ENGINE=InnoDB DEFAULT CHARSET=utf8 COLLATE=utf8_persian_ci;

--
-- Dumping data for table `news`
--

INSERT INTO `news` (`id`, `title`, `text`, `avatar`, `create_date`) VALUES
(11, ' انجمن کارگردان‌های آمریکا برندگان جوایز سالانه خود را اعلام کرد', 'به گزارش سینماپرس به نقل از هالیوود ریپورتر، در هفتادمین مراسم اهدای جوایز انجمن کارگردان‌های آمریکا که در بورلی هیلتون در بورلی هیلز برگزار شد، جود آپاتو میزبانی را برعهده داشت و اهداکنندگان جوایز شامل سالی هاوکنیز، آلیسون جنی، سم راکول، شیرسا رونان، امی شومر، جان سینگلتون و بردلی ویتفورد بودند.  در این مراسم در بخش سینما، گیلرمو دل تورو برای کارگردانی «شکل آب» جایزه بهترین کارگردانی فیلم بلند سینمایی را دریافت کرد. رقبای وی در این بخش گرتا گرویگ برای «لیدی برد»، مارتین مک‌دونا برای «سه بیلبورد بیرون ابینگ، میزوری»، کریستوفر نولان برای «دانکرک» و جردن پیلی برای «برو بیرون» بودند.', '1517790265.jpg', '2018-02-05 00:24:25'),
(12, 'بازی «ویلم دفو» در فیلم «ادوارد نورتون»', 'به گزارش سینماپرس به نقل از ورایتی، در حالی که ادوارد نورتون قرار است فیلم «بروکلین بی‌مادر» را برمبنای فیلمنامه خودش کارگردانی کند، ویلم دفو نیز در این پروژه به عنوان بازیگر با وی همکاری می‌کند.  این فیلم در «کلس فایو فیلمز» کمپانی تهیه فیلم متعلق به نورتون ساخته می‌شود.', '1517790536.jpg', '2018-02-05 00:28:56'),
(13, 'نگارش فیلمنامه زندگی داوینچی توسط نویسنده جیمزباند', 'کمپانی پارامونت به تازگی جان لوگان نویسنده مطرح را استخدام کرده تا فیلمنامه زندگینامه لئوناردو داوینچی را بنویسد؛ فیلمی که قرار است لئوناردو دی کاپریو بازیگر آن باشد.  جان لوگان فیلمنامه این فیلم را با اقتباس از زندگینامه‌ای به قلم والتر ایزاکسون نویسنده مشهور که با عنوان «لئوناردو داوینچی» نوشته شده، می‌نویسد.  این فیلم که قرار است دی کاپریو در آن در نقش نقاش و دانشمند بزرگ بازی کند، با همکاری خود بازیگر و جینفر داویسون تهیه می‌شود.  پارامونت امتیاز ساخت این فیلم را آگوست (مرداد) در رقابت با چندین استودیو به دست آورد.', '1517790681.jpg', '2018-02-05 00:31:21'),
(14, 'اهدای نشان افتخار «بفتا» به «ریدلی اسکات»', ' ریدلی اسکات کارگردان «بیگانگان»، «بلِید رانر» و «گلادیاتور» نشان افتخار «بفتا» را دریافت می‌کند.  آکادمی فیلم بریتانیا قرار است از اسکات به عنوان یکی از موفق‌ترین فیلم‌سازان بریتانیایی تقدیر کند. «عضویت بفتا» بالاترین افتخار این رویداد است که در مراسم پیش روی جوایز بفتا در هجدهم فوریه به ریدلی اسکات اعطا خواهد شد.  او از هنرمندان شاخص سینما است که به مدت ۴۰ سال در ارتقای ژانرها و خلق فیلم‌هایی بسیار شاخص و تاثیرگذار همچون «بیگانگان» «گلادیاتور» و «بلِید رانر» به دیگر هنرمندان پرافتخار نظیر «چارلز چاپلین»، «آلفرد هیچکاک»، «استیون اسپیلبرگ»، «شان کانِری»، «الیزابت تیلور»، «استنلی کوبریک»، «آنتونی هاپکینز»، «لارنس اولیویه»، «جودی دنچ»، «وَنِسا ردگرِیو»، «کریستوفر لی»، «مارتین اسکورسیزی»، «اَلِن پارکر» و «هلی میرن» ملحق می‌شود.', '1517790795.jpg', '2018-02-05 00:33:15'),
(15, 'اکران فیلم علمی تخیلی دیزنی ', 'به گزارش سینماپرس، فیلم سینمایی "چین خوردگی در زمان" به کارگردانی "آوا دوورنای" ۹ مارس ۲۰۱۸ اکران بین المللی خود را در سینماهای امریکای شمالی آغاز میکند.  "کریس پین"، "ریس ویتراسپون"، "گوگو راو"، "میندی کالینگ"، "بلمی یانگ"، "مایکل پنا" و "دنیل مک فارسن" از جمله بازیگرانی هستند که در این فیلم به ایفای نقش پرداخته اند.', '1517790969.jpg', '2018-02-05 00:36:09'),
(16, 'پروژه های جدید سریال سازی سی‌بی‌اس', 'نخستین سریال «محرمانه لس‌آنجلس» در قالب برداشتی مدرن از رمان معروف جیمز الروی خواهد بود که از روی فیلم محبوب سال ۱۹۹۷ با نقش‌آفرینی کوین اسپیسی و گای پیرس ساخته شد. داستان در میان دروغ‌ها و زرق‌وبرق لس‌آنجلس دهه پنجاه میلادی و زمانی به وقوع می‌پیوندد که مسیر سه کارآگاه و یک خبرنگار زن هنگام بررسی پرونده یک قاتل زنجیره‌ای سادیستی به هم پیوند می‌خورد. جوردن هارپر فیلمنامه سریال را می‌نویسد و همراه با آرنون میلکان آن را تهیه می‌کند.  سریال «خط قرمز» به نویسندگی و تهیه‌کنندگی کیتلین پریش و اریکا وایس محصول بخش تلویزیونی کمپانی برادران وارنر است. داستان از آنجا آغاز می‌شود که یک پلیس سفیدپوست در شیکاگو به اشتباه به یک دکتر سیاه‌پوست شلیک کرده و او را می‌کشد. از آنجا به بعد داستان سه خانواده مختلف تعریف می‌شود که به این پرونده مربوط می‌شوند و هر یک نقطه‌نظر خود را دارند. ایوا دوورنی، گرگ برلنتی و سارا شستر از دیگر تهیه‌کنندگان اجرایی سریال هستند.', '1517791113.jpg', '2018-02-05 00:38:33'),
(17, 'رمز و راز جنگ ستارگان', 'سلسله آثار سینمایی Star Wars که در ایران بیشتر با نام «جنگ ستارگان» شناخته می‌شود یکی از بهترین مجموعه‌هایی است که فرهنگ و ایدئولوژی غربی و آمریکایی را تبلیغ می‌کند. جنگ ستارگان دربردارنده یک حقیقت است و آن حقیقت عبارت است از پدیده‌ای رمز و راز آلود به نام The Force «نیرو» که در کهکشان مسیطر است و عامل حقیقی نظم و توازن بین کهشکان، سیارات و اقمارِ جهان فضا Space می‌باشد.  هرکس که بتواند خود را از نیرو سرشار کند استعداد و قابلیت رهیافت به سمت شوالیه روشنایی The Jedi و یا شوالیه تاریکی The Sith شدن را دارد. جدای و سیث دو نوع شوالیه هستند که یکی با عدم رهیافت به تاریکی و ظلمت و تلاش در مسیر صلح و عدالت به جدای تبدیل می‌شود و دیگری با خشم و نفرت و قدرت طلبی در مسیر سیث قرار می‌گیرد.', '1517791178.jpg', '2018-02-05 00:39:38'),
(18, 'شروع نمایش دلیر در سینماهای امریکای شمالی', 'فیلم سینمایی "دلیر" به کارگردانی "لین اودینگ" که قرار بود ماه مارس ۲۰۱۸ اکران بین المللی خود را از سینماهای امریکای شمالی آغاز کند یک ماه زودتر یعنی دوم فوریه اکران خواهد شد.  در این فیلم نقش اصلی با بازی "جیسون موآما" برای دفاع از خانواده اش از دست یک گروه مافیایی مواد مخدر مشکلات و خطرات زیادی را از سر می گذراند.', '1517791249.jpg', '2018-02-05 00:40:49'),
(19, 'تداوم روند ساخت فصل آخر «خانه پوشالی»', 'کمپانی نت‌فلیکس اعلام کرد که مراحل ساخت ششمین و آخرین فصل از سریال محبوب «خانه پوشالی» ادامه پیدا کرده است.  مراحل ساخت سریال در ماه اکتبر پس از این متوقف شده بود که ستاره آن کوین اسپیسی متهم به آزار جنسی شد. به فاصله کمی پس از آن، نت‌فلیکس و استودیوی میدیا رایتس کپیتال اعلام کردند که ارتباط‌شان با اسپیسی را قطع می‌کنند و به این ترتیب فیلمی بیوگرافیکی از گور ویدال که اسپیسی قرار بود در آن نقش‌آفرینی کند هم ساخته نخواهد شد.  فصل ششم تریلر سیاسی «خانه پوشالی» هشت اپیزود خواهد داشت و رابین رایت نقش اول آن خواهد بود. مایکل کلی، جین اتکینسون، پاتریشا کلارکسون، کانستنس زیمر، درک سسیل، کمپبل اسکات و بوریس مک‌گایور بازیگران دیگر این سریال هستند که تا به حال روی هم رفته نامزد دریافت ۵۳ جایزه امی شده است.', '1517791350.jpg', '2018-02-05 00:42:30'),
(20, '«ایندیانا جونز ۵» سال ۲۰۲۰ روی پرده سینماها می‌رود', 'استیون اسپیلبرگ که جدیدترین فیلمش با عنوان «پست» در میان نامزدهای بهترین فیلم سال اسکار ۲۰۱۸ جای دارد، بار دیگر شخصیت هریسون فورد را به پرده‌های سینما بازمی‌گرداند. قسمت پنجم ایندیانا جونز قرار است سال ۲۰۲۰ روی پرده‌های نقره‌ای برود و تولید آن در سال ۲۰۱۹ شروع می‌شود.  این پروژه هنوز عنوان ندارد و علاقه‌مندان منتظرند ببینند این فیلم قبل از پروژه موزیکال اسپیلبرگ از راه می‌رسد یا پس از آن؟  در حالی که پیشتر مطرح شده بود اسپیلبرگ قصد دارد به بازسازی «داستان وست ساید» بپردازد، گفته شده ساخت این فیلم پس از «ایندیانا جونز» صورت می‌گیرد.  جدیدترین قسمت ایندیانا جونز «ایندیانا جونز و پادشاهی جمجمه کریستال» بود که سال ۲۰۰۸ اکران شد و ۱۹ سال پس از سه‌گانه اصلی آن روی پرده‌ها رفت.', '1517791565.jpg', '2018-02-05 00:46:05');

-- --------------------------------------------------------

--
-- Table structure for table `rating`
--

CREATE TABLE `rating` (
  `id` int(10) NOT NULL,
  `user_id` int(10) NOT NULL,
  `film_id` int(10) NOT NULL,
  `score` int(10) NOT NULL
) ENGINE=InnoDB DEFAULT CHARSET=utf8 COLLATE=utf8_persian_ci;

--
-- Dumping data for table `rating`
--

INSERT INTO `rating` (`id`, `user_id`, `film_id`, `score`) VALUES
(1, 1, 3, 1),
(2, 1, 7, 1),
(3, 2, 3, 4),
(4, 2, 7, 2),
(5, 3, 3, 1),
(6, 3, 7, 5),
(20, 2, 4, 3),
(21, 2, 2, 2),
(22, 2, 11, 4),
(23, 3, 1, 4),
(24, 5, 12, 4),
(25, 5, 11, 1),
(26, 5, 2, 4),
(27, 5, 5, 4),
(28, 5, 6, 1),
(29, 5, 10, 5),
(30, 6, 11, 5),
(31, 6, 4, 4),
(32, 6, 9, 1),
(33, 6, 7, 4),
(35, 7, 2, 5),
(37, 7, 1, 4),
(38, 7, 11, 1),
(39, 4, 12, 4),
(40, 4, 5, 5),
(41, 4, 10, 4),
(42, 1, 1, 5),
(46, 4, 51, 5),
(47, 4, 42, 5),
(50, 3, 34, 5),
(51, 3, 41, 5),
(52, 3, 40, 5),
(53, 9, 60, 5),
(54, 9, 50, 4),
(55, 9, 43, 5),
(56, 9, 12, 4),
(57, 9, 8, 5),
(58, 8, 45, 5),
(59, 8, 44, 4),
(60, 8, 38, 5),
(61, 8, 34, 5),
(62, 8, 42, 5),
(63, 10, 33, 5),
(64, 10, 36, 5),
(65, 10, 52, 5),
(66, 10, 11, 4),
(67, 10, 53, 5),
(68, 11, 7, 5),
(69, 11, 9, 5),
(70, 11, 3, 5),
(71, 11, 6, 5),
(72, 11, 43, 5),
(73, 11, 44, 4),
(74, 11, 50, 5),
(75, 12, 54, 5),
(76, 12, 59, 5),
(77, 12, 4, 5),
(78, 12, 35, 5),
(79, 12, 33, 5),
(80, 12, 39, 5),
(81, 12, 43, 5),
(82, 12, 51, 5),
(83, 12, 50, 5),
(84, 12, 53, 5),
(85, 8, 55, 4),
(86, 6, 44, 4),
(87, 6, 43, 5),
(88, 13, 55, 4),
(89, 13, 53, 4),
(90, 13, 52, 4),
(91, 13, 50, 4),
(92, 13, 45, 4),
(93, 13, 42, 5),
(94, 13, 39, 5),
(95, 13, 36, 5),
(96, 13, 33, 5),
(97, 13, 61, 5),
(98, 9, 45, 5),
(99, 10, 70, 5),
(100, 10, 82, 5),
(101, 13, 70, 4),
(106, 12, 92, 5),
(107, 12, 83, 4),
(108, 11, 91, 5),
(109, 11, 87, 4),
(110, 7, 89, 5),
(111, 7, 7, 4),
(112, 9, 1, 5);

-- --------------------------------------------------------

--
-- Table structure for table `users`
--

CREATE TABLE `users` (
  `id` int(10) NOT NULL,
  `name` varchar(100) COLLATE utf8_persian_ci NOT NULL,
  `username` varchar(100) COLLATE utf8_persian_ci NOT NULL,
  `password` varchar(40) COLLATE utf8_persian_ci NOT NULL,
  `email` varchar(40) COLLATE utf8_persian_ci NOT NULL,
  `gender` int(1) NOT NULL DEFAULT '0',
  `age` int(10) NOT NULL DEFAULT '20',
  `avatar` varchar(50) COLLATE utf8_persian_ci DEFAULT NULL
) ENGINE=InnoDB DEFAULT CHARSET=utf8 COLLATE=utf8_persian_ci;

--
-- Dumping data for table `users`
--

INSERT INTO `users` (`id`, `name`, `username`, `password`, `email`, `gender`, `age`, `avatar`) VALUES
(4, 'mona', 'mona', 'b59c67bf196a4758191e42f76670ceba', 'm@gmail.com', 0, 20, 'mona.jpg'),
(6, 'saba', 'saba', 'b59c67bf196a4758191e42f76670ceba', 'nn@g.com', 0, 20, 'saba.jpg'),
(7, 'dina', 'dina', 'b59c67bf196a4758191e42f76670ceba', 'w@gmail.com', 0, 20, 'dinaaa.jpg'),
(8, 'ali', 'ali', 'b59c67bf196a4758191e42f76670ceba', 'a@x', 1, 20, 'ali.jpg'),
(9, 'sara', 'besco', '81dc9bdb52d04dc20036dbd8313ed055', 'a@l', 0, 20, 'sara.jpg'),
(10, 'nazi', 'nazi', 'b59c67bf196a4758191e42f76670ceba', 'nn@g.com', 0, 20, 'nazi.jpg'),
(11, 'niki', 'niki', 'b59c67bf196a4758191e42f76670ceba', 'w@gmail.com', 0, 20, 'niki.jpg'),
(12, 'roz', 'roz', 'b59c67bf196a4758191e42f76670ceba', 's@g', 0, 20, 'roz.jpg'),
(13, 'mina', 'mina', 'b59c67bf196a4758191e42f76670ceba', 'nn@g.com', 0, 20, 'mina.jpg');

-- --------------------------------------------------------

--
-- Table structure for table `visitors`
--

CREATE TABLE `visitors` (
  `id` int(10) NOT NULL,
  `number` int(100) NOT NULL
) ENGINE=InnoDB DEFAULT CHARSET=utf8 COLLATE=utf8_persian_ci;

--
-- Dumping data for table `visitors`
--

INSERT INTO `visitors` (`id`, `number`) VALUES
(1, 2149);

--
-- Indexes for dumped tables
--

--
-- Indexes for table `categories`
--
ALTER TABLE `categories`
  ADD PRIMARY KEY (`id`);

--
-- Indexes for table `comments`
--
ALTER TABLE `comments`
  ADD PRIMARY KEY (`id`),
  ADD KEY `question_id` (`film_id`);

--
-- Indexes for table `films`
--
ALTER TABLE `films`
  ADD PRIMARY KEY (`id`);

--
-- Indexes for table `news`
--
ALTER TABLE `news`
  ADD PRIMARY KEY (`id`);

--
-- Indexes for table `rating`
--
ALTER TABLE `rating`
  ADD PRIMARY KEY (`id`),
  ADD KEY `user_id` (`user_id`);

--
-- Indexes for table `users`
--
ALTER TABLE `users`
  ADD PRIMARY KEY (`id`);

--
-- Indexes for table `visitors`
--
ALTER TABLE `visitors`
  ADD PRIMARY KEY (`id`);

--
-- AUTO_INCREMENT for dumped tables
--

--
-- AUTO_INCREMENT for table `categories`
--
ALTER TABLE `categories`
  MODIFY `id` int(10) NOT NULL AUTO_INCREMENT, AUTO_INCREMENT=11;
--
-- AUTO_INCREMENT for table `comments`
--
ALTER TABLE `comments`
  MODIFY `id` int(10) NOT NULL AUTO_INCREMENT, AUTO_INCREMENT=17;
--
-- AUTO_INCREMENT for table `films`
--
ALTER TABLE `films`
  MODIFY `id` int(10) NOT NULL AUTO_INCREMENT, AUTO_INCREMENT=93;
--
-- AUTO_INCREMENT for table `news`
--
ALTER TABLE `news`
  MODIFY `id` int(10) NOT NULL AUTO_INCREMENT, AUTO_INCREMENT=21;
--
-- AUTO_INCREMENT for table `rating`
--
ALTER TABLE `rating`
  MODIFY `id` int(10) NOT NULL AUTO_INCREMENT, AUTO_INCREMENT=113;
--
-- AUTO_INCREMENT for table `users`
--
ALTER TABLE `users`
  MODIFY `id` int(10) NOT NULL AUTO_INCREMENT, AUTO_INCREMENT=14;
--
-- AUTO_INCREMENT for table `visitors`
--
ALTER TABLE `visitors`
  MODIFY `id` int(10) NOT NULL AUTO_INCREMENT, AUTO_INCREMENT=2;
/*!40101 SET CHARACTER_SET_CLIENT=@OLD_CHARACTER_SET_CLIENT */;
/*!40101 SET CHARACTER_SET_RESULTS=@OLD_CHARACTER_SET_RESULTS */;
/*!40101 SET COLLATION_CONNECTION=@OLD_COLLATION_CONNECTION */;
